{"Epoch": 58, "train_loss": 0.4438106320444694, "test_loss": 0.8908493246247129, "_timestamp": 1688740703.9771016, "_runtime": 16558.088847637177, "_step": 57, "_wandb": {"runtime": 16618}}