{"Epoch": 12, "train_loss": 0.028488860676990697, "test_loss": 0.027294092470916305, "_timestamp": 1687776193.907432, "_runtime": 1510.9824149608612, "_step": 11}