{"Epoch": 200, "train_loss": 0.02429864581880028, "test_loss": 0.023996526261837018, "_timestamp": 1687799454.962328, "_runtime": 24772.0373108387, "_step": 199, "_wandb": {"runtime": 24772}}