{"Epoch": 1, "train_loss": 0.14460595064093731, "test_loss": 0.031366437537277615, "_timestamp": 1687774539.9620323, "_runtime": 130.58552622795105, "_step": 0, "_wandb": {"runtime": 137}}