{"Epoch": 589, "train_loss": 0.02336470219963716, "test_loss": 0.02352426192019044, "_timestamp": 1687875814.8375914, "_runtime": 39621.22962331772, "_step": 588, "_wandb": {"runtime": 39621}}