{"Epoch": 500, "train_loss": 0.02321769286166219, "_timestamp": 1687959652.485871, "_runtime": 38388.046401023865, "_step": 499, "_wandb": {"runtime": 38387}}